labels,text
1,"地點離市區近,逛夜市方便"
1,服務好、地理位置佳
0,腳踏車希望能免費租借
0,大人馬桶蓋全部蓋下來的時候，蓋子卡軸的那個部份有卡尿垢，可能疏忽了沒有清到，可以再注意一下。 入住當天晚上11點了，樓上居然傳來一群女住客的嬉笑聲、不斷的開關門碰碰碰的，約莫有20分鐘吧。
0,無
0,櫃台女服務員（老鳥），態度差，本人用信卡刷卡，她未對本人說明信用卡刷卡金額等。
1,離夜市很近走路2～3分鐘就到了
1,安靜，乾淨環境
1,房間乾淨，服務人員親切
1,早餐選擇豐富，又有消夜也有小朋友可以玩的設施，性價比很高
1,有泡湯池
0,浴室乾濕設計不好
0,隔音不怎麼好
0,停車需收費應寫出一天200 提早或延遲退房只能擇一也應標示清楚
0,完全沒有對外窗只能靠空調 廁所是開放空間上完廁所後異味難消 只能說汽車旅館或許更適合休息
0,無
0,浴室設備壞掉，沒有立即修理，還要當晚洗澡後再說明
1,早餐好吃，服務親切
1,晚上蠻安靜的
1,房間乾淨寬敞，鄰近海灘～
0,建議餐廳可以加裝捲簾，陽光太刺眼的時候可以遮蔽
1,有私密的空間，但又不失青年旅館的感覺，有機會再去高雄，一樣會入住這間的。
0,早餐食物及飲料的種類和選擇，是所住過同級價位飯店中（包括與這飯店屬同一集團的飯店）最少的一間。補充食物方面，也有點怠慢，食物盆很多時都是空的。 房間內的溫度太低，又不能調較。向前台員工求助，答覆是房間溫度沒法調較，說如嫌溫度低可以關閉空調。如住客因關了空調而要開窗戶（窗戶是鎖上的，只有飯店員工穿才能打開），就必須先簽署一份同意免除飯店有關責任的文件。實在是有點荒謬。 我訂的是角落雙人房間，價錢比同等設施面積相若的其他非角落房間貴，估計原因是角落房間享有（理論上說）較好景觀。實情是因飯店兩邊被高架路橋遮擋，較低樓層的房（包括角落房）都可以說是沒有什麼景觀的。因此除非保證能入住高樓層，否則我認為不值得付出較貴房租訂角落房間。
0,熱水器無法馬上提供熱水，是冷水 洗澡廁所區未與床位區隔⋯⋯滿容易被打擾 整體而言對硬體設施不滿意，但老闆娘是親切的，入住感受是好的
0,電梯只有一台
1,離捷運很近，交通方便
1,老闆人很好，超nice!
1,",員工很好,"
1,距離台中公園、車站都不遠，很方便
1,床舒服，早餐種類豐富，位置佳
0,房間都煙味，連行李的沾染上二手菸味
1,廁所有窗戶非常通風光線很好
0,房間衛生清潔沒有確實 貴妃椅上還要糖果屑屑跟好幾根白頭髮 玻璃上面還有小朋友的手掌印
1,飯店人員的每個人員服務態度都很親切 飯店有桑拿設施可以放鬆身心
0,無
0,早餐的熱食菜色太少，兩天的菜色幾乎一樣。公共區域的清潔可加強，如戶外餐桌、新館一樓，房間缺少放行李的檯子或椅子。
1,早餐用餐環境很舒服像回家一般！ 大廳裝潢很溫暖！ 員工服務超級棒！
0,床比較軟
0,房間略小
1,住宿品質優！
1,地理位置
1,乾淨整潔
1,早餐很棒很新鮮，超級有品味的裝潢，一打開門會發出「哇～～」的驚喜感，管家有禮貌又親切，十分適合度假的好住處❤下次還會想再來的
0,蚊子多建議可以放捕蚊燈
0,沒有室內停車場
0,燈有點暗
1,有幫我免費升級成四人房
0,霉味很重，廁所少間，隔音非常的差（應該是我住過隔音最差的一間，可能是木板的關係，即使戴了耳塞還是會聽到很多聲音，沒法好好睡）...
1,服務態度滿分. 可惜房況就有待加強.
0,"被單都會煙味, 房內若不開冷氣, 就空氣變得很差."
1,有自助洗衣
1,浴室很乾淨 我很滿意
1,整題而言很不錯
0,隔音不太好
0,隔音不佳
0,地點有點偏遠，不太好找。
1,地理位置方便，对客人友善尊重！
1,喜歡這家的氣氛，飯店、房間設計也很好。
1,置物櫃有大浴巾.浴室有好的吹風機可以使用! 往浴廁還有拖鞋能夠換~超級貼心
0,床單有點汙漬
0,房間太暗完全不能化妝，沒有窗門。
1,"員工都很親切熱情,地點很方便,床挺舒適的"
0,但是寢室門關上時很大聲 遇到晚上盥洗時人進進出出 在大門附近的床位會很難入睡
0,停車場 在另外的地方 不是很方便
1,空間大，雙人床加大舒適，隔音效果佳！
0,沒有電梯。
1,位置方便，離台北車站近，交誼廳設計的很漂亮，房間乾淨。
1,早餐好吃
1,整體
1,隔音好，舒適
1,交通方便
0,有大隻蟑螂🤮
0,網路收訊不太好，桌子可以換大張一點的。
0,因為價格低，給的房間夾在中間，沒有窗戶空氣品質不好。
1,"1. 早餐有稀飯 煎餃 麵包等等很豐富 2. 有趴車幫忙停入地下室很貼心 3. 外面就是北投公園可以逛很不錯 4. 外面很熱鬧吃的逛的都有很方便, 一樓還有頂好超市"
0,隔音效果比較不好，過了12點盡量減低音量，大家互相包容唷！
0,房間沒有對外窗，隔音差，房間直接對者餐廳，餐廳又開放24小時，被外面的人吵到不能睡覺，早上又被吃早餐的人吵到不能睡覺，有待檢討
0,有些點心類的食物口感不佳，感覺放一段時間了
1,空氣清新環境很優
1,飯店員工很親切
1,床很舒服，離羅東夜市也很近十分方便
0,隔音差
1,位置好 環境不錯
0,房間小了點，打開行理箱後，就沒地方走動。 還有，如贈送的咖啡可以帶上房間喝就好了，因個人喜歡在寧靜的環境下獨自享受喝咖啡，lobby 太多人了。所以都沒有享用免費的咖啡。
0,沒有自己的停車場比較不便，另外房間的地毯不夠乾淨，就這兩項提出感受
0,Ok
0,電梯較擁擠
1,早餐好吃，床舒適。
1,環境清幽、停車方便、服務人員親切、價格便宜！
1,戶外溫泉(裸湯)，早餐
1,房間空間大且乾淨，不會因為是hostel床位而覺得擁擠壓迫， 已經很划算的價格還有附好吃的特色早餐， 老闆娘非常親切好客， C/P值爆表的好民宿！
0,空間小但五臟俱全，只是我30吋大行李真的很難攤開平放啊！
0,沒
1,兩張雙人床的房間寬敞舒適。 地點方便，附近就是新光三越。 員工友善。
0,早餐有進步的空間 停車場空間小
1,房間大
1,早餐還不錯，同種菜單，內容物會不一樣。 免費腳踏車非常方便。
0,沒有
1,裝潢很棒，早餐很豐盛
1,職工們很樂於助人，很殷勤有禮。
1,服務態度佳 環境乾淨舒適
0,透過飯店預約計程車的費用比自行預約高
0,附近沒7-11！及晚餐得再開車出去！但也獲得寧靜的住宿環境！
1,交通非常方便，距離後山埤站走路不用兩分鐘，離南港展覽館站也只有三站，是在南港展覽館參加各種展覽廠商的好夥伴。早餐多樣化，中式西式的早餐都有，美味選擇又多。房間整齊乾淨，浴廁也很乾淨。飯店周便不少商店，要用餐，要購買日常用品都很方便。
0,床縫裡的垃圾太多，有點噁心 隔音不好
1,服務很好
0,床頭有塵
1,位置方便，環境靜中帶旺
1,很好👍
0,沒有
0,隔音差，沒提供早餐，設備老舊，
1,早餐很好吃，位置雖隱祕，但週遭很多商家和餐廳
0,樓上的住客可能有小孩 到晚上11點多還在跑來跑去....
1,非常棒的地方！一定會再來
1,風格卓越，乾淨整潔，服務親切，開幕期間提供許多優惠，下次會再入住。
0,很吵！關門聲很大
1,早餐種類算多，也蠻好吃。
0,員工訓練
0,"除了,隔音有點差.沐浴備品較少外,其餘均還不錯!"
1,早餐不錯哦！
1,乾淨，明亮，早餐好吃，服務佳
0,早餐選擇有點少。
1,浴室很乾淨
0,不保證有停車位應該先說，不然去到那邊發現沒有位子得停附近停車場，一小時60元不便宜。
1,"空間寬敞,採光佳, 溫馨"
0,如果雙人房可以說選了一張雙人床就雙床會更好，可惜這次去很多人住宿，被安排到兩張單人床合併，是不會不舒服，只是有點可惜，希望可以有浴缸的房間可是沒被安排到，希望填寫的備註欄，服務人員可以注意到，並主動提起及說明會更好，或者在知道我們的需求沒辦法達成時傳電子郵件親切的告知，才不會讓顧客滿心期待，到現場有些小失落，不過整體來說飯店環境很棒，地下室停車格有點小，車子出去跟停車都要很小心。
1,員工態度
1,服務人員服務非常親切
1,市區旅遊放鬆一日的奵選擇
0,在訂購時應該就該把地理環境標示清楚 因為我們在入住後 耳邊傳來火車崆崆聲 而且一個小時起碼有5個班次經過 反應了~~也過了快1個小時才動作 換了房~~沒觀景房了 但也沒退差價 雖然送了一個奶酪捲 但~~沒有下次了！
0,隔音非常不好，房間雖擺設不錯，但不適合有大行李旅客，樓梯若踏不好，容易摔倒，不適合50歲以上民眾住宿
1,飯店人員幫忙升級房間變得比想像中的大
1,民宿老闆人超好，早上爬不起來吃早餐，還準備早餐讓我們帶走在路上吃。
1,地理位置極佳，早餐選擇豐富，室內空間大且舒適，接待人員十分友善
1,都很好
0,沒有
0,停車場過卡後，很快就又出不去了，可是收行李沒辦法這麼快
0,床小了點，有些設計在使用上沒有很順手。
0,雖然有吃早餐的方便，但是不夠理想。
1,飯店正對面就是八色烤肉，當天check in很晩...前枱服務人員很棒！幫忙打電話預約：）
0,沒附早餐未先言明
1,交通地點好，櫃台人員親切
0,附近由於演習導致有飛機的轟隆聲
0,早餐比預期的差很多 網路上說菜色很豐富 但實際上菜色不多 很一般
1,裝潢真的很可愛，床也很舒適，距離逢甲夜市超級近
0,我們是訂ㄧ間雙人房在八樓。緊臨大馬路，沒有用氣密窗。車子的聲音聽的好清楚。車站附近車子很多，跟本睡不著。還有冷氣哄哄叫，必須關掉才沒有聲音。網路上的好評是業配文吧。早餐也很差。下次不會入住。
0,沒早餐
1,離北車相當近，周邊有許多餐廳，相當便利。
1,房間大又新
1,價格算優惠 沙發也蠻舒服的 電影很多
1,房間配置舒適、整潔
1,我覺得地理位置很棒，然後可以寄放行李很方便。價格真的很便宜，但床意外的舒適，房間內部空間很大！
0,房間浴缸出現去水問題
0,可能是冷氣位置關係，已經調到最低16度，但躺在床上還是很熱，床鋪有點太軟，會一直陷下去
0,隔音稍微不好
1,早餐和消夜都超級厲害的! 地點也很方便 下次一定會再入住
1,老闆老闆娘超親切，非常熱心！大推
1,房間很大
0,兩個人得一張被，攞多張被要收100蚊。 馬桶因加了噴水清洗 所以變得很細 極不舒適。
0,早餐選擇種類可多樣化
0,停車較不方便，需要找一下停車位；住宿有四個館，建議可以跟老闆再次確認住宿地點。
0,早餐太好吃 害我吃超飽
0,308房間網路收訊不好，請改善
0,浴室蚊蟲稍微多一點
1,服務很好👍
1,旅店設施完善，員工友善主動。
1,主動清潔房間
1,有免費的午茶和宵夜，早餐菜色也還ok
0,隔音效果不是很好、吹冷氣時會有煙味…
1,地理位置方便、附近臨近夜市、去哪景點都不算遠
1,裝潢很新
1,乾淨，便宜
1,便利
1,早餐好吃，床很大，浴室超大。。。
1,夠大的浴缸 舒適的床鋪 全天供應的輕食與飲料 櫃檯人員非常親切且非常樂於協助 有供應自助旅行的常用物品
1,有很多插座。
1,早餐豐富
0,員工服務態度改善一下
1,地理位置好 旅館整體都好
1,空氣很好，落地窗很棒！！
0,收費高但設備老舊，服務沒有創新，許多設施都不能用，而且房間內的陳設太老舊了，沒有進步，但收費卻很高，這樣的收費，還不如住民宿，CP值超差的！令人失望！
0,竟然停車位不夠    要在台南自己找停車位     有點蝦
1,地點非常好！美食都在附近一下子就到了 櫃檯人員都非常親切讓人感受到台南人的熱情 早餐非常用心好吃！
0,電梯太小
1,優質新民宿!華麗乾淨cp值高
1,員工態度良好，位置佳，房間CP值高！
0,沒提供早餐
0,不知道是什麼問題 房間內我打了5.6隻蚊子
0,床太小，浴室沒有乾濕分離
0,浴室太潮濕，用抽風機都不會乾，還好有用電風扇吹
0,臥房沒有熨斗。
0,無
1,服務人員很客氣， 服務態度還蠻不錯的， 早餐也很豐富 很好吃😄😄😄
0,如果寄存行李也可以包括退房後就好了，因為我退房之後並不是立刻離開那邊⋯
0,隔音不佳 入住時等待時間過長(40分鐘) 訂房時有註明有的設備實際上沒有(有線電視、冰箱…) Wifi訊號不佳 服務人員服務不佳(沒確實介紹環境及設備使用，須自行摸索)
1,地點極佳乾淨舒適
0,即使是舊飯店⋯壁紙也該花點時間重貼，不然看起來更老舊了
1,床鋪、冷氣、廁所都很棒
1,員工熱心有禮 對顧客提問細心回答 下次有機會一定會再選擇這邊
1,床很舒服，枕頭有兩顆，軟硬不同，可挑喜歡的睡
0,電梯太少，有時需等候很久。
1,房間舒適乾淨，另外飯店還有提供手機可使用，這個部分針對國外旅客應該是蠻方便的，位置在台中廣三SOGO旁邊，附近也相當熱鬧方便。
1,很棒的老品牌飯店，保留無法取代的底蘊
0,隔音很差，房間可以再乾淨一點
1,價格
0,空間
1,淋浴空間設計剛好又乾淨
0,房間太暗了
1,老闆曾先生樂於助人，讓我感動萬分，為了要拿借來的車子，他停下手邊的工作，開車協助我，難能可貴。
0,單人房空間真的非常小
0,308房屬2張小床房型，燈具在床頭上方，很像2支紅蠟燭，該房間又屬無對外開窗，建議改裝時應考慮無開窗房型，用色應活潑一點。空調聲音也屬應改善項目之一。
0,當天可能入住房客較多，早餐用餐要排很久，也未延長早餐時間
1,床和枕頭很舒適。插座很多方便充電，只是少了床頭櫃或小桌子，東西沒地方放。
0,廁所有異味
0,休假就是想好好睡飽再出遊 但早上8點多隔壁就開始吵炸天 也不知原因 忍了進一個小時用內線打到櫃臺4 5通以上都沒接 直到用手機直接打店家連絡電話才有人接才告知隔壁在施工 入住時完全沒告知 就這樣完全不用睡到11點退房ㄧ樣吵⋯ 建議未完工前要入住不想8點就氣醒的朋友需多考慮
1,服务好，地点好。交通方便
1,下午茶點心不錯
0,無
1,早餐不行，環境又吵又不舒適。
0,浴室地板清潔還好
1,地理位置佳
0,枕頭太軟，可提供一軟一沒那麼軟的給住客選擇較好。
1,早餐多元化 好吃
0,房內空調溫度調整不靈敏，例如設定26度，一直在22~23度，很冷！建議檢查溫控開關 或 冰水閥。
1,床很舒適，房間很乾淨，逛夜市超級方便！重點是在逢甲居然還有室內停車場，很難得！
1,地理位置方便，餐廳舒適，餐點選擇性多
1,服務人員超級親切 地點相當方便
0,肉眼看得見毛巾和床單的老舊髒污。隔音極差、覺得名稱來說十分丟臉。
1,櫃檯人員熱心協助，大廳設計感十足，每個擺設都很用心，房間舒適便利 ，浴室抽風機安靜無聲，早餐超好吃完全不馬虎，附近走出去到處是美食，只能給滿分再加分了
1,服務態度好，地理位置也很好
1,早餐多樣化，沐浴用品也替客人著想，房間乾淨整潔
0,羽毛被不好蓋，會揪成一團
1,早餐不錯，很新鮮！出餐速度快！
1,房间布置很花心思，主人也很热情
1,住的環境超棒
0,招牌可以明顯一點
1,房間的結構
1,早餐很美味，飯店內設施乾淨
1,观海阳台景很美，不过冬天太冷。
1,"1. 24小時可以使用的餐廳空間和飲料機, 晚上不定時的還會有薑母茶供應； 2. 早餐的品種和味道都算可以的, 就是人會多了點, 還有在露台的餐桌, 可以看到開闊的市景"
1,房間舒適，光線也好。服務人員態度積極親切。大廳與房間都好適合拍照，喜歡拍照的強烈推薦。
1,無
0,與娛樂場所混在同一大厦內
1,老闆人很好～
1,位置方便 洗乾衣都免費 房間很大 有早餐下午茶
0,枕頭偏軟
1,地點絕佳，到各個地方都很方便。 步行就可以到寧夏夜市或便利超商。 有附停車位。
1,地理位置佳 飯店備有小點心、宵夜、早餐感覺很棒
1,床舒適、房間乾淨夠大、浴室乾淨夠大、附近逢甲夜市小吃很多
0,早餐若能再改進，你們會更棒！
1,服務態度好，房間整齊乾淨，設身處地為客人著想！優秀
1,簡潔舒適
0,無停車場場禁忌、房內空間極小
1,早餐很好吃 床很好睡
1,景觀及早餐👍
0,住spa房，官網說spa房包含沙發區和專屬泡湯區，結果現場帶到房間內的時候才說如果要使用泡湯區要加收600元的熱水費用，原本spa房的價格就比一般四人房多700了，現場才說要再付600元才開熱水，感覺很差，星期日一晚價格總共4566元，Cp值很低。
1,早餐好吃，床舖舒適，房間乾淨，交通便利
0,拖鞋外觀很像發黴，反應說是正常且全新的
1,房型不優，天花板過低，所以有壓迫感。雙人床是兩張單人床拼起來的，因為房間小，床的面積過大，走動動線有點侷促。
0,飯店活動安排不足 餐點缺乏多樣性
1,大廳之舒適感，服務人員之平易近人，完美!
1,全部都很好，舒適而且交通也方便，也很乾淨。員工很nice，只要你有什麼需要或問題，都可以馬上幫你解決。
0,電視頻道有限制
1,住房乾淨舒適，沒有異味
1,整體是一間cp值高的商旅，房間部份床很軟很舒適，然后燈光也舒服，房內有飲水機很便利，廁所空間又非常大，浴缸也大使人泡的舒適，早餐樣式普通但都是好吃的，當天還被升等，很不錯!
1,早歺很棒很合適大人及小朋友只是场所太小‘‘ 距离車站很近走路即可′.
0,酒店在大樓裡，應該掛個門牌號或酒店的名稱在外面，要不然很容易走過頭或者找不到喔。
0,停車場離得有點遠，隔音不佳。
1,床相當舒適、飯店人員服務周到
0,早餐選擇性少 冷氣溫度無法上升
1,"可能因為住宿的人少了很多,原本訂兩人房,直接升級成四人房!!空間大很多!!"
1,晚餐小火鍋滿不錯的！早餐也好吃！ 適合有小朋友的家庭住宿！
0,插座有點少而已
0,室內wifi收不到，隔音不佳
0,旅館禁止抽菸 但房間外走廊一直有菸味 不舒服 空調一下很冷一下悶悶的
1,服務人員
1,早餐不錯
0,入住旅客之教育提醒，深夜進住至各住宿包間，食物氣味飄散，聊天吵雜
1,"地點靠近熱門的區域, 離公車站也很近, 交通很方便. 房間乾淨."
0,房間太小.
1,櫃台服務很親切
1,旅店很乾凈舒服，樓下逛街很方便。
1,價格便宜
0,浴室小了點，電視畫面色彩差
1,離夜市近，很方便
0,價格偏高
0,隔音設備不優
0,房間早上起來有很濃郁的尿騷味很可怕 早餐很普通
1,儘可能幫我安排有浴缸的房間的需求，真是感動
1,住得很舒服，下次去台東會再入住😀
1,房間和浴室的裝潢好可愛！整體是一間可愛精緻的民宿！而且老闆很年輕，人又不錯，價格也不算貴，房間隔音不錯
1,員工很親切，環境也乾淨。公共空間很舒服。
0,沒甚麼不滿意的地方
1,別具風格的建築設計，早餐豐盛。
0,枕頭有點太軟
1,"地點不錯, 服務態度好 清潔乾淨"
1,舒適的房間
1,有宵夜點心
1,早餐 - 好!
1,整體都很棒，下次還會想再入住
0,房卡有點難用，從外面刷卡跟開門讓我覺得蠻困擾的
1,很好
0,個人不太喜歡軟床
0,早餐選擇可以再加強，房門隔音較不佳，走廊若有嗓門大的人經過都可以聽見說話的內容
1,地點 及泡湯環境
0,早餐普通，沒當地特色。 沒有大廳休息聊天喝咖啡的地方。 沒有空中景觀餐廳。
0,房間整潔度有待提升，員工服務態度可以更好，對住客可以再細心一點
1,接待員態度親切友善
1,大廳空間很不錯～
0,"沒附早餐有點小不方便, 不過這是墾丁許多民宿都一樣的狀況 ; 一樓剛好有住房客的時候, 晚上約9. 10點就不能和朋友繼續在客廳聊天相聚了, 這是覺得比較美中不足的地方~"
1,民宿老闆有準備伴手禮
0,樓板薄，入住期間樓上有小朋友跑跳發出的噪音傳遞聲響很大，影響入住品質。
1,老闆非常熱情 還準備了迎賓水果很貼心 房間的舒適及整潔都非常棒！ 地理位置也很方便！
0,空調不太冷，但跟櫃檯反應後有重啟冷氣，就有冷了
1,東西準備很齊全，環境非常感覺，浴室還有乾濕分離跟防滑墊，老闆人非常的好，入住有提供飲料跟美味的早餐，還有腳踏車可以騎到附近玩，整理的感覺都很讚！
1,近捷運站，非常方便，附近住宅區，很多食肆，步行去家樂福及寧夏夜士約10分鐘，去士林夜市乘兩個捷運站，地點好好。房價便宜，每間房都有窗係重點，冷氣夠凍，水夠熱，唯獨美中不足係風筒出風很熱，及用一陣有過熱情況，不敢再用。隔離7-11，有atm可襟錢。四週夠靜 不會像西門町咁嘈。
0,冷氣溫度不能調整
1,"古色古香的住宿環境, 真的很棒 ! 阿仁老闆相當親切隨和,有問必答,不用擔心會迷路的. 泡茶喝咖啡隨心所欲. 無限量續杯 '讚'."
1,整體環境乾淨整潔，公共澡堂優！
0,房間內除wifi外，無法對外通訊(無法用手機撥電話)，實為困擾 早餐時間10樓餐廳客滿，至11樓用餐，但餐點豐富度較10樓少
0,隔音設備非常差 兩點多吹風機聲音還是很大也沒斷過 隔壁房的人在房間走道整理行李 非常大聲 溝通過情形還是一樣 整晚都不用睡 雖然便宜但是不推薦
0,房內燈光較昏暗 可以再多設置一點可開關的燈增加照明度 房內wifi不穩 洗手台設置在房內容易濺濕
1,很乾浄
1,地理位置很好
1,接待人員非常專業且親切，當天下大雨忘記帶傘，也提供雨傘使用至退房 備品使用有品牌的，幾乎跟飯店同等級了 房間內有許多插座而且都是萬國插座，這點真的貼心
1,服務人員親切
1,老板和老板娘很用心经营！服务热情周到！知道我们没有车，还贴心的开车从火车站接送我们。介绍了很多好吃好玩的地方！还请我们吃零食。老板很豪爽，很大方，很喜欢交朋友。感觉是哥哥姐姐给予我们的照顾！绝对超赞！
1,裝潢顏色搭配、採光、很乾淨
0,隔音很差很差
1,視野遼闊，風景美，氣氛佳
1,我是獨行旅客，睽違13年再來金門，沒有做很多功課。老闆娘不只熱情的從機場載我到民宿還幫我在地圖上標好大景點，非常感謝也非常滿意，我定的是八八古意一館位於頂堡往金城或是其他景點都非常方便！
1,老闆親自準備每份早餐，起床就能享受熱騰騰美味早餐，還能欣賞窗外的美景！
1,離火車站很近 房間也很大 價格很優惠
1,有小閣樓做分隔，讓家人同時擁有兩個空間休息
0,房間的空氣香精味太重
1,陸客很多，早餐品質被破壞
1,離火車站及捷運很近，交通方便
1,環境很乾淨，冷氣很涼
1,設備很貼心方便
0,飯店之隔音效果還有改善空間，三人房的格局有兩房是很棒。
1,沒有早餐
0,隔音
1,喜歡入住前的主動聯繫提醒，素食早餐很豐富，住房乾淨安靜，地點離台北車站近，叫計程車也方便，停車也很便利，泊車服務很好，可說是物超所值！
1,地點方便
1,床很舒服很軟很好睡
1,門沒有壞
0,空間小且椅子都是硬的，回房間沒有地方可以好好休息，空間真的很小!
1,環境舒適
0,旅客多時水壓會降低
1,房間舒適乾淨 名宿很可愛擺設很用心！！！老闆娘人很nice!l
0,電視壞掉，書桌內建插座是裝飾品，以為換房間會比較好，殊不知是更無言的開始...床邊基本插座整個都是鬆落的，吹個頭髮克難的找到衣櫃裡去，但插座也是鬆脫搖晃得隨時注意...服務人員品質也是良莠不齊
1,舒適
1,地點好，停車方便
1,早餐很棒
1,地里佳
1,很貼心 很值得推薦的民宿 超級乾淨
1,整潔乾淨早餐豐盛性價比高
0,停車不好停
0,停車費還要錢，早餐選擇性低，隔音不好
1,"空間大,感覺舒適,接待親切,停車方便"
1,服務人員非常親切，平易近人很熱情，讓我們一群人住的很舒適，值得考慮再來，尤其有小孩的家庭更適合來住，還有小朋友的賽車可以玩。
1,在捷運行天宮站2號出口旁邊，步行5-8分鐘有公車站，可坐公車直達桃園機場。附近有7-11和松江市場，步行15分鐘可到上引水產。最貼心的是2樓有免費的自助洗衣機和烘衣機，還有咖啡機和電腦（都是免費的），這些設備對旅客而言，非常實用。會再次入住。
1,很舒適、乾淨！
0,距離鬧區有點距離，且無停車場
0,有牙刷沒牙膏、隔音很差！！！
1,房間和浴室也頗大
1,房間乾淨舒服，照片沒有太大差別
1,床墊很軟很舒服，整體感覺非常乾淨。床鋪的大小剛好，翻身也不怕掉下來。有國際插頭。浴室內有附洗髮精和沐浴乳。
1,樓下就是百貨公司
1,老闆人很親切 因為是學生環島 到達已經很晚 但老闆仍非常親切 房間寬敞舒適整潔 還有腳踏車可以用
0,隔音有待加強、晚上都會聽到小孩哭鬧的聲音導致睡眠品質不佳😫😫 浴室如果乾濕分離會更好
1,女櫃檯很好看
1,早餐不錯。多樣選擇。
0,早餐餐具的清潔可以稍微再加強 房間門口的逃生方向燈會一直亮著，無法關掉，對於睡覺要求全黑暗環境的人會有些困擾。
0,地點較不容易找
1,房間舒適美觀 設備很不錯
1,早餐不错，位置非常好，离台北车站走路3分钟，十分方便。
1,單人房設計，有自己的小空間 早餐很特別很好吃
0,房間灰塵，好像很就沒人住過，房間有上個房客的空包特瓶
1,因為聽聞康橋大飯店，消夜很好吃，我和朋友20:05就去體驗消夜美食的饗宴！素食超級友善呀！！從豆花，素食麵線，素食肉燥，素食切仔麵，冰淇淋，水果，飲品都超級友善！！真的太棒了~
0,從停車到客房要換2次電梯
0,"02號房間窗邊吊燈太低容易碰到頭, 幸好是塑膠燈罩"
1,早餐很棒，選擇多
0,"距離最遠近的捷運站需要約10分鐘步行路程, 有點小遠"
1,乾淨舒適
1,設備齊全、電視功能多!很喜歡!
1,飯店人員服務態度很好，床很軟，浴室還不錯，餐點選擇多，還有提供免費的腳踏車，就近可以騎，很不錯。
0,可能是因為語言溝通問題 以為要走去碼頭 其實民宿離碼頭有點距離
1,民宿很有特色，有監獄的感覺，離許多景點很近，隔音也不錯。
1,地點
1,房間乾淨舒適，櫃檯一直放著音樂氣氛很好，近車站，離夜市也不遠，房東人很好
0,沒有早餐，有點可惜
0,單人房房間真的小，空調感覺不是很清新，出風口有灰塵 晚上睡覺一直聽到有人在唱KTV的聲音，很難睡 早上問櫃台櫃台說附近沒有KTV，很奇怪
0,還好，清潔的速度要快一些
1,房間空間大
1,附近有間岩灣早點 粽合蛋餅 很讚
1,環境乾淨，離車站近。
1,房間是非常可愛的粉紅色，整體空間很舒適，有24小時的冷飲提供，跟免費早餐，還有娛樂空間，整體住下來非常的超值！！！下次一定會再入住
0,洗髮精、沐浴乳不足
1,簡單、舒適
1,樓下就是羅東夜市
1,早餐中式西式都有 人員非常客氣 也貼心叮嚀用餐客人 餐飲熱 燙 小心取用 開始吃副食品五個月寶寶（在家寶寶滿四個月寶寶一天一點新食物都ok ） 能吃也很多樣 有提供需要嬰兒床旅客 基於衛生本人自備小件厚毛毯 車上用的到 帶寶寶住這完全超舒適 寶寶能睡 大人也能睡不擔心睡不飽 明天繼續玩
1,便宜，位置佳
0,地下室設備的飛鏢機修一下就更好了，我們玩一次就要重開一次平板，有點掃興，其他部分都非常好👍
0,熱水很慢⋯⋯而且不夠熱，好像在洗冷水
1,浴廁所設備不錯，電視頻道多台
1,房內泡湯池加裝的扶手與標示警語很好。
1,床很舒適，還有迎賓茶
1,飯店位置好，離捷運近、公車站近、後面就是西門商圈！洗澡熱水很足夠！
1,"早餐很豐盛；有免費的腳踏車可以使用; 四人房的空間稍微小了一點 ,但這種價位算是可以接受"
1,"1. the design of the hotel 2. the restaurants recommend by the staff, cheap and nice 3. large bed provided overall makes me feel relaxing~"
0,游泳池不是溫水，12月游泳真是鍛煉心臟阿！
1,很好喔！
0,剛好同一層樓住的是陸客都開門講話，隔音效果感覺不好，棉被有點粗糙。
1,早餐好吃，高麗菜很鮮甜！
0,停車位置太差
0,隔音設備真心覺得不好，在房間可以聽到外面門開開關關的聲音跟腳步聲。
1,地理位置適合渡假，在山裡面，空氣好、房間內的湯池很大（vip四人房），使用booking.com常客優惠訂房，check in時還有迎賓飲料招待（咖啡廳喝咖啡），至於之前有網友評價提到地形太高，吃飯、泡湯不方便..等，但若是定位旅遊是想運運動、戶外走走，稍微運動爬爬坡其實還好。總之，此次的住宿，我個人是滿意的。
0,我覺得早餐的菜色可以再加強，老實說沒有很好吃！
0,因為房間剛好在電梯旁，比較容易聽到走廊傳進來的講話聲音。早餐普通。
0,上下層床鋪，上層翻身時下層會晃動
1,早餐非常好吃!
0,設備有點老舊，感覺此價格可以住更好的飯店或民宿
1,可以攜帶寵物 停車方便 床墊是席夢思的很軟 電視可以看愛奇藝 方便追劇 有陽台 隔音效果非常好 浴室有珪藻土地墊防滑 擴香的味道很舒福
0,/
0,床只要稍微一動就晃的厲害 早餐有點廉價
0,浴室排氣故障噪音大聲
1,服務人員態度真的沒話可說。
1,枕頭超不舒服丶早上也太早打電話說早餐到！影響睡覺
1,早餐可以
1,早餐很棒，房間打掃得很乾淨，視野佳
0,晚上廁所沒有衛生紙，垃圾桶也滿出來，讓人感覺不太舒服。另外住的是沙發類型，單人沒有太多行李還可以，只是枕頭很像是抱枕，有點不好睡，短天數算是可以接受的地方。
1,床很舒服地點近夜市
0,房間太小
0,停車場限制高度重量是不方便的地方
1,整個民宿裝飾充滿濃濃的原住民風，點綴著很多巧思在佈置中，令人印象深刻！位置很好離車站超近！
0,棉被太熱，建議另外準備夏季用涼被，省下冷氣費用，備不時之需
1,整潔度很好，景觀漂亮
0,有告知會帶兩歲小孩，但是雙人床略顯小
1,免費美味小吃
1,整題都很好，也很幹淨，但房間小了點
0,隔音不佳，水壓太弱且水溫不穩。
0,吹風機不好用
1,整體設計感非常優秀，乾淨舒適！
1,房間舒適 浴室乾淨
0,房間霉味明顯，有點潮濕，聞得到淡淡菸味
0,床架搖晃有聲音，感覺很不安穩
1,地點離捷運站很近
0,冷氣裝設位置會直吹頭部不舒服，603房的門是塑鋼門感覺會被闖空門。
1,自助餐和中餐廳的餐點都不錯吃
1,早餐有現煎荷包蛋跟蘿蔔糕
0,員工橫向聯繫差，對付款方式不了解
1,交通便利近捷運
0,陽台上有螞蟻會從落地窗縫爬進室內，地毯上有滿多螞蟻，這是美中不足的地方
0,唯一缺點就是床比較軟，睡不太習慣
1,員工服務態度
1,櫃檯很親切 處理問題的速度也非常快 下次去台北還是會選艾米～
0,浴室玻璃、洗手台未清潔很乾淨；早餐樣式少；冷氣不冷！
1,服務人員熱情 態度極佳
1,老闆很親切介紹花蓮美食❤
1,床真的很舒適 環境其實也不錯
0,到了才知道餐廳還在整修，早餐只有麥當勞可以選擇，且服務人員告知時沒有耐心。詢問借用腳踏車也是，就只是指了個方向，就叫我們自己去找車。隔天早上取餐時拿到的是已經冷掉的食物(我們並沒有很晚取餐，大概七點半左右)，導致吃完之後肚子不太舒服，影響行程。
1,早餐好吃，床大。
0,床鋪睡起來不是很舒服
1,離逢甲夜市很近，停車方便，價格很划算
0,吹風機是冷風，沒有熱風要吹很久
0,房間內有管道(水管)，一直聽到水聲……
1,"離捷運站相當近,樓下生活機能也很好,旅行相當方便"
0,我住12樓，晚上有唱歌的聲音吵得睡不著，雖然有提供耳塞，但床甚至有時還會震動？後來查網路才知道11樓KTV酒吧，最安靜大概就凌晨的時候，隔音不好，隔壁的電視聲及走廊清潔人員的推車聲音都聽得到，建議退房時間改下午三點，因為半夜根本無法好好睡
1,床粉大
0,空間太小
0,廁所門合不上
1,乾淨、床舒適、隔音好、地點也不錯! 是來台北出差住宿的口袋名單~
0,訂房時已經設定有6歲的小孩同行，但房價並未顯示需要增加費用，到飯店詢問櫃檯人員滿六歲的小孩早餐需要加費用嗎?她說要額外加600塊，並未說明是需要加人頭費，以為小孩的早餐費用是600塊，問她那可以不加買早餐嗎?她才說他們在訂房注意事項裡有寫會加收人頭費，不管你要不要吃早餐，都有含早餐的費用，是飯店這邊加收的，櫃台服務員的態度讓我感覺很不愉快，除了覺得BOOKING的訂房系統，已經設定有6歲以上的人員為什麼不直接顯示加人頭金額，飯店的注意事項也沒有寫加人頭的費用，感覺不好，好像陷阱一樣。 早餐放麵包跟麥片的地方都是果蠅到處飛，第一次遇到飯店早餐會這樣的。
0,房間地毯有異味
1,服務員非常親切 飯店位置好，外出可步行
0,一進房間霉味很重！起床後過敏發作 濕氣太重了啦！沒有對外窗的話要放除濕機 早餐一般般沒有特疏情感
1,房間蠻大，有主題性(機艙設計)，WIFI訊號良好，洗澡水夠熱 力度又強 去水能力也不錯 洗澡過程感覺良好 櫃枱服務人員態度非常好，早餐以這個價位來說已算不錯(咖啡好喝) 可以填飽肚子 周邊環境/配套很方便 門外已有公車站 旁邊有屈臣氏、7-11、餐廳、飲料店、百貨公司等等 足夠應付所有需求 也有專用停車場提供免費停車位(先到先得) 對開車的人來說非常方便 絕對推薦此飯店對旅客來投宿
0,天井與環境，公共空間也很棒
1,1.地點佳 出去就是一中商圈附近，離公車站也很近 2.價格便宜
0,找不到不滿意的地方
1,便宜
1,庭園造景還不錯
1,這次住宿在星宿海濱海旅宿，打開窗就可以看到海，真的很不錯，住的也很舒適，離東大門夜市超近，超方便，早餐後還可以到海邊走走，真的很悠閒，^_^
0,早餐太少。用完不補
0,沒有
0,走廊燈光太暗 走廊地板有點髒的感覺
0,停車較不方便
1,"環境乾淨空氣清新,地點與服務態度佳~!"
1,早餐還不錯，有各種口味吐司可以選 也有中式早點可以吃， 邊吃早餐邊看大海真是一大享受。 民宿主人還有養貓，小孩們都很開心呢!!
1,房間舒適 且簡約風格 有家的感覺 餐點部分 新鮮美味 飯店精心於下午及晚上時段準備點心飲料免費供應 旅客若嘴饞 可以前往享用  非常貼心
0,早餐可早點出！
1,櫃台人員服務親切房間舒適，美好的假期旅遊
0,停車位過少
1,員工態度和善，早餐會變化菜色，房間的空間很大，浴室有免治馬桶
0,1.蓮蓬頭水壓太小還無法完全拉起變更蓮蓬頭的卡榫2.無法調節冷氣溫度。
1,早餐超好吃，選擇多樣、地理位置良好，離夜市很近、服務人員親切有禮、用心傾聽客戶需求。
1,老闆和老闆娘很親切 小朋友很可愛 小幫手很認真
0,電梯搭起來很恐怖，感覺不是很安心
1,空間舒適
0,隔音不太好，外面有人講話都聽得到
1,空間大，環境舒適，早餐好吃😋
1,地點在市中心，離港口、商店都很近，非常方便，價位也很平易近人。 服務員很親切，還可以寄放行李，讓我們旅途更方便。
1,地點位置好，房間有陽台，離海灘近，離墾丁大街近，離搭墾丁快線站牌近
0,沐浴乳洗髮乳都是迷你瓶 使用不太方便雖然只洗一次 但是小瓶使用上不太方便
1,乾淨
0,一大床是騙人的、除非你是小人國
1,1.冷氣夠冷 2.寢具舒服 3.櫃檯的態度都很好 4.有兩個洗手檯
0,電梯聲音太大聲 蓮篷頭的水龍頭。很難調溫。ㄧ會熱ㄧ會冷
0,無
0,人員服務
0,房間太暗，電視頻道很怪
1,早餐口味相當不錯，也不斷補上被拿完的菜色。 建議可以提供一點點當地特色料理做為差異化。
1,早餐豐盛。
1,整體上不錯
1,和朋友共７人入住包棟，兩間浴室，很方便。
1,早餐是與前方的志在餐飲合作，蠻不錯的，旅客可以自己選擇要吃什麼。位置也不錯，對騎機車的旅客蠻方面的
1,"帶小孩很合適,遊戲室超大"
1,位置近台中火車站，價格合理，員工也很樂意幫忙解答問題！而且旁邊就是第四信用合作社。
1,地點非常好，捷運站旁邊。 到六合夜市很近!!!! 下午茶也是令人驚艷的好吃豐富喔~
1,房間簡單舒適
1,床好睡又大，雙人房給到兩張雙人床
1,地點很方便，設計感十足，房間佈置很特別。
1,交通部分離機場方便～～～
0,"一樓環境非常不好,房間有味道"
0,服務人員態度不親切
0,隔音差，別間開門聲音聽得到，每隔一些時間就有鑽壁的機械聲很嚇人，房間無窗沒安全感，有霉味，
1,早餐太一搬，味道不好
0,掛衣服的地方在浴室門口很不方便於是我們只能把它掛在門把
0,自助洗衣房沒24小時很不方便
1,非常乾淨舒適
1,早餐好吃，地點超方便，靠近文創園，金三角區和東大門夜市都可以步行而至。 員工友善， 又主動幫我提早早餐時間
0,ㄞㄗㄗ
1,老闆熱心且有新鮮水果可以採!讚!
0,浴室裡面下水管的臭味非常嚴重，浴室也沒辦法鎖
0,房間小了點
0,在住商混和大樓，附近出入複雜
0,沒有~
1,早餐菜脯稀飯很好吃，很特別～還附麵筋+肉鬆，太好吃了r
0,停車場有點距離，爸爸只有15分鐘臨停門口下母女和行李，大廳接待人員接過行李暫放，我一個人推著嬰兒車到櫃台報到，報到後領取行李，後續沒有人協助我送行李到房間，我只好一個人提著大包小包進電梯到達住宿樓層...
1,服務人員親切，大部分印象很好!
0,隔音很不好，剛好隔壁有二戶是朋友，還有帶小朋友，到很晚了還一直大聲對談和喧鬧。靠窗也容易聽到外面的車流聲。免洗拖鞋化學刺鼻味很重。
0,床單髒
0,棉被太薄，不太保暖
1,整體舒適乾淨，陽臺可看見星星，純樸美麗的風情，老闆十分好客。
1,乾淨值裝潢時尚
1,停車方便，設計裝潢簡約。
1,早餐種類雖然不多，但口味不錯!!食材也很新鮮~早餐確實有讓人驚喜一下~~加了很多分呢。 服務人員都笑容可掬、很親切。 飯店周圍生活機能也很方便~是下次住宿的好選擇~
1,老闆非常親切，會主動提供一些參觀及美味小吃的訊息，老闆娘更是幽默風趣，尤其是當天早上因為胃炎匆匆離開，遺忘兩本書，掛急診後回飯店，發現已經放在櫃臺等我們回來拿，當下覺得好窩心呀！^^
1,床很舒服，窗景不錯，衛浴空間寬敞方便，早餐有現煮的麵食炒手熱騰騰就好吃。
1,早餐用餐的風景不錯
0,房間整潔可以再加強
0,床墊直接放在地板上太低了，隔音不好
1,1.位置鬧中取靜，週邊有很多用餐地點。 2.櫃臺接待人員服務迅速。
0,電梯有問題，等電梯等到翻臉
0,西式早餐極度不推!!!
0,廁所的水壓太小，溫度不太穩定，空間狹窄
0,"房間沒有煮水壺, 必須到一樓大廳的飲水機取水."
0,早上還沒退房去吃早餐吃完回來看到房間已經有人員在打掃了…床單甚麼的都收了，本來要回去在上個廁所甚麼的，看到心情都變差了，我們的東西都還放在房間也還沒辦退房，怎麼可以就開始打掃
0,停車場迴旋空間狹小
0,冷氣不冷
0,電梯等待過久，地下停車場有臭味，洗澡水量太小
0,雖然貼心提供大毛巾 再次感謝，但毛巾的屑屑很多 如果之後要汰換時建議換一家毛巾工廠😂
0,停車位稍微少了一點
1,地點超棒 走下樓就是鐵花村 走路五分鐘到夜市 騎車十分鐘到海濱公園
1,房間乾淨舒適，民宿主人友善，適合放鬆的旅行
1,衛浴備品很周全
0,健身房略小⋯跑步機只有一臺太少⋯
1,園區整體環境美麗優雅，接待人員客氣親切。
1,舒適，環境佳
0,房間為禁菸 但一進房有煙味 （櫃檯人員馬上幫我處理，很讚）
1,服務人員親切，床舒適大張。
0,電梯太小
0,房間太小
1,乾淨舒適也很寬敞 物超所值
1,員工服務佳
1,房間雖小但滿舒適，基本所需可以滿足。
0,若有提供免費腳踏車會更好
0,隔音較差，但有附耳塞
0,隔音稍弱了些
1,整體環境很新，希望能繼續維持
1,"位於山坡上視野遼闊,房間布置雅緻,早餐分量很足夠,民宿主人真誠熱心,民宿的草皮綠地整理維護得很好,店狗非常可愛,主人家有二個國小的小男孩,帶孩子的家庭有伴一起玩,玩水.玩桌遊.打球,孩子不外出也不會無聊"
0,一切都很好，但是隔音真的太差了。
1,喜歡
1,地點偏僻但安靜
0,早餐選擇不多/剛好尾間房間無窗有點暗/桌面上可加鏡子
0,早餐樣式不多，但口味還可接受。
1,床舒適
1,"地點交通方便, 環境乾淨, 服務人員非常親切!"
0,早餐差，房間空間小。
1,早餐比想像中好 24小時飲品讚
1,早餐質量好
1,地點方便，價格優惠，有免費現煮咖啡。
1,地理位置與服務人員
1,方便
0,旁邊房間使用熱水器時的聲音其實有點大 房間沒有窗 真的不知道日夜 會有點悶
1,房間很寬敞，整體來說是不錯的！
0,房間煙味很重，到場才發現是ktv樓上要加價才能換正常房，電梯內還有嘔吐物，床單上有污漬
1,"人員親切,早餐非常好吃且很多選擇,隔音很好,床很舒適"
1,床蠻舒適的
0,房間設備老舊，廁所是舊式馬桶，空調只能調大中小，無法調溫度 床被掀開那個霉味撲鼻而來，整個就是可怕 所以最後只能去找衣櫃裡的被子來蓋 若霉味改善就好很多 也希望之後能附早晚餐
1,早餐超好吃，房間超舒適
0,洗手間沒有門
1,床和浴室很棒
1,床非常舒適、房間內窗戶極大視野佳、遮光罩效果好就算天亮了也可以睡得很香甜
1,停車時間和check out時間合適
1,CP值破表
1,早餐非常好吃，有水煮蛋、吐司、多種果醬(有一兩罐很好吃但我不知道是啥)、現煮黑咖啡 (似乎是星巴克咖啡豆，撇除品牌，個人平常有喝黑咖啡習慣，覺得很不錯)、還有香蕉蘋果等水果@@、豆漿。
0,廁所沒有乾溼分離，整體稍微老舊了點。沐浴用品是提供一次性使用的小包，洗澡時使用不太方便也不環保。
1,民宿老闆很親切熱情，環境非常舒服乾淨 早餐很健康好吃，停車方便，以價位來說CP值很高
1,服務態度
1,乾淨，交通便利，推薦。
1,免費升級房間
1,服務員態度親切
0,浴缸水龍頭水量太小
0,窗台有許多的螞蟻，擦掉之後又來，雖不影響住宿，但是看到難免會有點毛毛的
1,早餐很棒，選擇很多，飯店還幫忙升級客房，退房時間到14:00，時間非常充裕。
0,明明就是有窗戶有陽台的房間確都被室外機擋著還沒有出入口進去陽台這個格局就很怪
1,早餐，很好吃
1,升級四人房 讚
1,地點非常方便，價位合理，但很適合出遊旅客。
0,吹風機可高級一點
1,非常好
1,超級棒cp值超高 有設計感空間又舒服
1,"環境地點都不錯,服務人員也很好 唯一可惜的是衛浴沒有乾濕分離"
1,地理位子非常棒很方便 有特約停車場 房間小巧卻非常舒適
1,四人房有兩大床 其中一個床是兩張單人床併的 所以超大 對於有小孩的家庭很方便 兩大床也可自己合併 浴室馬桶與淋浴浴缸分開 使用起來互不干擾
1,除了早餐以外 其他都很好
0,浴室洗澡水地面是互相流通的，希望能獨立。 房間走道有點擠。
0,酒吧營業時間只到晚上11:00
1,待客熱情親切，房間乾淨舒服，早餐好吃
1,每天有nacho小吃，附近有很多手搖飲品店，忠孝夜市也很近，電視頻道有超多選擇（英文頻道的選擇也不賴）
1,住宿位置
0,三溫暖淋浴室沒有沐浴乳也沒補，床單上明顯很大的污漬，還有最受不了的吹風機小到比我手機還小吹兩下就跳電，服務員說沒有別的可換
1,員工服務特別好
0,浴室天花板油漆脫落，使用吹風機時灑得我滿頭都是。 BOOKING無附早餐並沒有明顯標示。
1,床還不錯睡
0,哭哭 網路上寫有早餐，但並沒有:(小失望
1,地理位置佳 人員態度好
0,如果按摩浴缸有功能就更棒了！
0,隔音不太好
1,住宿環境舒適寛敞，早餐餐點非常豐盛，離逢甲夜市很近，逛街很便利。
1,整體很棒
1,房間乾淨整潔。早餐牛肉湯不錯，走路可到國華街、赤崁樓。淋浴與馬桶獨立隔間，可同時使用。
1,很喜歡早餐有現點現作的蛋餅和米漿豆漿供選擇。地點離MRT中山站２號出口歩行約５分鐘，不會太遠，中途有便利商店和一些店家，買東西也方便。整體很乾浄，隔音也作得好很安静，服務人員也都很親切，整體來説住得很滿意。
1,早餐很普通
1,早餐好吃，床舒服，地點也好
1,Emma 很熱情很可愛 有專車接送到碼頭 住宿的位置晚上安靜怡人
1,房間很大，寢具也很棒！老闆人很好很親切！
1,清靜與整潔且近鬧区
0,到沙灘的路可以改善更好ㄧ些。因為是假日入住，早餐比較吵雜擁擠。
1,地點近一中街
0,浴缸設計漏水，舊樓改裝，水管很吵，廁所有臭味
0,床可以硬一些
0,停車時平面和地下未協調好
1,老闆娘貼心安排1樓房間，讓我們有小朋友的家庭不用爬樓梯~離市區主要景點都很近，步行就會到~雖然民宿沒自有的停車場，但很幸運在民宿隔壁的街道就很輕鬆找到停車位~
0,房間內有隻大蟑螂
0,熱水是電熱，水很小，很快就沒熱水。
1,房間設計
0,衛浴設備，洗澡手都泡泡滑滑的，水開不起來
0,隔音設備差
1,早餐很貼心可送到房間，樓下的交誼廳很舒服，還有飲料可喝，櫃台人員很熱心。吃宵夜很方便
1,"各方面都很不錯,商務或旅遊皆很合適"
1,接待人員很親切 房間設備也很乾淨 可惜民宿後方不知道是甚麼 一直有些機械的聲音
0,無
1,服務人員非常親切，客房舒適乾淨， 入住一樓有免費飲料吧小點及自行車代步
0,隔音有點不好
0,不小心被子從被套滑了出來，看到被子都發霉了😣
0,洗髮精沐浴乳是隨身包裝的那種
0,沒有
1,早餐就是早餐店買的三明治（份量大）和奶茶，有一盤水果（香蕉配番茄）。床非常硬，平常不習慣硬床的話很難睡著。從車站到客棧山路滿彎的，計程車司機技術都超好，客棧可幫忙叫車（計程車和客棧有相互配合），可以跟司機包一天或半天行程。
1,乾淨舒適
0,早餐千篇一律，住幾天會使你不想再去享用。雖說是隔音房間，但仍是隱約聽到鄰房聲音。
1,早餐
1,主人待人親切，都有替旅客著想，大廳飲料及冰品無限量供應(雖然我都沒用到)。
1,早餐
0,可以再善用空間，譬如：多點衣架，小一點的椅子，電話可用掛牆式。 不喜歡冷氣機的風口對著床。廁所紙沒有掛勾。
1,謝謝升等 住得更舒適了
1,此次入住的房型浴缸較上次略小，但熱水充足。 床很舒適，光是坐在沙發就會不小心睡著。 櫃台服務人員非常親切。 有提供24HR的輕食吧服務，性價比非常高。
1,離車站近，交通方便
1,服務非常優秀，無論是接待人員或是room service，十分為客人著想。
1,房間很棒很乾淨，有不同風格可選擇，價位平民，早餐選擇多又超豐盛，最重要的是老闆老闆娘的熱情，熱心分享介紹吃喝玩樂的去處，還有幫忙挑選最專業的店家，讓人玩的開心又安心，推薦大家來入住喔！！！
0,空調太大聲、無夜燈
0,宵夜偏少，冬天還用涼麵，素食者只能吃涼麵無法有熱食可吃，早餐素食也偏少，選擇性不大，對於吃葷者較好
0,電梯感應卡不良，造成多組客人無法回到住宿樓層。 Wifi 收費
0,"床有點小,不方便翻身"
0,早餐有點失望
1,整個環境很舒適~還有生啤酒和消夜，溫泉也很舒服~
1,環境很乾淨，服務很好
0,浴室偏小
0,"1房間的浴室與廁所沒有遮起來，是透明霧面的，在洗澡跟上廁所時有點不方便(如果有男有女應該還蠻尷尬,我看照片的時候看到有簾子，我以為都有...) 2房間的插座不太好用，每次要吹頭髮都要對準很久，而且因為在洗手台旁邊超怕一沒對準就被電到(熱水壺插座也是) 3第一天打電話問隔天早餐的時間有點晚(這時候我們都準備休息了)，突然聽到電話聲，先嚇了一跳之後，找電話要接，電話竟然是廁所的電話..(床旁邊的茶几上也有電話...而且其實我們在入住的時候有跟櫃檯服務人員已告知我們的早餐...) 4有告知我們因為有事情七點左右要出門，但是，早餐只能七點過後拿，可是我們下去的時候都還沒準備好(前一晚已詢問登記應該可以準備好的) 5我們是外帶的，三天吃了二天都是一個三明治(第二天只多了一杯咖啡跟柳橙汁)建議早餐可以多種選擇，畢竟一晚房價不便宜..."
0,停車位置有點不管
0,員工處理事件態度不夠積極，早餐樣式簡單，品質普通。
0,沒有
1,櫃檯人很好
0,隔聲不佳，可以聽到隔壁的電視聲。 浴室水流量不大 。
1,舒適的床
1,"早餐多選擇, 蔥酥餅特別讚. 小點供應至晚上11點"
0,若可提供簡易早餐更好！
0,酒店正在装修， 一块塑料布隔开客房和工地， 感觉空气中仍然有很多粉尘和气味， 还有噪声， 不适合人类居住。 强烈建议大家在它装修好之前， 不要入住（ 本来也不应该招收客人，那环境真差， 不配四星级旅馆） 。 房间都没空调、 而且又不告知我们， 晚上很冷， 就把空调开关开的很大， 结果吹了一晚上的凉风，第二天直接感冒发烧。所以实在无语
0,早餐太差了，房間有灰塵味
1,民宿工讀生很熱心親切，推薦我們去很多景點，環境整潔、裝潢也很喜歡，離火車站很近走路幾分鐘就到了，非常棒
0,浴室熱水不夠熱，
1,很乾淨
1,房間乾淨
1,環境衛生
1,親切舒適
1,服務態度良好 床很舒適
0,浴室空間較無法放置東西，房內無鏡子
1,房間裝修唔錯
1,房間整體空間感很棒，廁所免治馬通很棒，吹風機好用，床鋪軟硬適中，枕頭睡起來還不錯，讓我立馬買了一顆帶回家。飯店有提供腳踏車及電動車，讓旅客很方便可以四處遊玩，服務人員態度良好，是一間不錯的旅店。
0,廁所
0,隔音幾乎是沒有的
1,房間很大很乾淨，設備很棒，還可以借小音響❤️
0,素食者可以吃的選擇不多，希望可以提供更多選擇。。。床單有點硬不夠柔軟，可以改善！
0,"沒有早餐,枕頭和床太軟"
0,"遊戲室...等多項設施被移為他用, 早餐樣式陽春, CP值偏低."
1,觀賞海邊的景色。有腳踏車騎還不錯
1,早餐選擇非常多，都很好吃！下樓就是逢甲夜市。
1,服務人員很親切，房間很乾淨，擺設很舒適，環境安靜，地點方便。
1,房間的裝潢很可愛！ 浴室的水超大，爽！～哈哈！
1,海景
0,去晚了，分配的房間窗戶很小，而且開窗就是廚房上方，很吵，是一大敗筆。
0,床會嘎嘎作響 戶外道路路燈少
0,This B&B is in an apartment without an elevator. Please take into consideration if travel with young kids/senior citizens or large luggage. 由於是小型民宿，所以沒有電梯，攜帶大型行李或小孩/長輩請自行斟酌。
1,很安靜的地方 很適合放鬆 但因為我們要趕行程 所以沒有辦法好好休息！房間很乾淨 舒服 老闆老闆娘很客氣 剛好收成蓮子 拿了一大袋 給我們 說已經夠了 卻很熱情的說 這樣怎麼夠呢 真的是滿載而歸 推薦 喜歡安靜 鄉間生活的旅人
1,床很舒服
0,半夜還有市內電話鈴聲
1,乾淨
1,住宿位置環境好
1,裡面空間大
1,房間整齊乾淨，還有提供飲料零食。服務很好，我只有事先連絡過我幾點火車到台東，大概什麼時間check in，並沒有要求接送。結果一下火車就接到老闆娘電話，已經在火車站前要來接送我們。老闆娘服務真的很周到
1,床很舒適，枕頭也沒有一般飯店奇怪的枕頭味，重點是被子超保暖，暖呼呼的！ 房間雖然偏小，但整體來說很舒適！早餐也是平常會吃的都有～CP值算很高！
0,洗澡時，蓮蓬頭的水溫不太穩定，不是過冷就是過熱，可以改進
0,"隔音不好,深夜隔壁房的小嬰兒哭,把我媽跟我弟都吵醒了.睡眠品質不好"
1,乾淨
1,真的很深刻 房間十分清潔 我們住了兩晚 打掃房間的員工打掃得很專業 還把我亂丟的衣服摺好放在床上 前台職員超級有禮貌 很親切熱情 很感激你們的服務
1,早餐服務人員態度很輕切
1,早餐不錯吃 樣式多
1,非常滿意
1,老闆很熱情也很貼心，房間乾淨睡得也舒服
1,房間大且舒服
1,房間無菸味
1,乾淨舒適
0,早餐下保溫要再加強 那天早上七點半下來用餐 中式的菜（豆乾、青菜、荷包蛋）冷掉了
0,沒停車位
0,此次入住的房間過於小間，上次入住的空間比較大一些。
0,單人房沒有窗戶，在訂房時好像沒有看到說明。
0,早餐很普通，飲料很差！
1,早餐很讚床舒適
1,簡約乾淨舒適且備品齊全 提供腳踏車能夠方便地抵達附近景點
1,地點便利，舒適乾淨，且隔音效果好
1,早餐很好吃
1,地區
1,"房間寬敞舒適,位居高雄市中心,方便出遊."
0,娛樂設施過於簡化
1,枕頭舒適
1,服務人員態度很好。
1,早餐丰富，房大。
1,環境空間十分舒適，整體感覺非常的乾淨，讓人十分的放鬆，貓兒跟狗狗也都非常的熱情~
0,隔音超差
1,很乾淨。房間很寬敞舒服。離車站很近。還可以免費出租單車。很棒的住宿體驗。
1,房間很大，有小沙發和桌子，還有很多裝飾品。
1,態度很好
1,沒有
1,早餐好吃，免費飲料好喝，還有牛奶，房間整潔新穎，公共空間也是。每道門都讓人很有安全感
1,"旅店選用天然O'right品牌真是很不錯, 我亦是因為旅店選用這個牌子我才會選擇入住, 果然沒有令我失望。 旅店提供免費現磨咖啡, 可以自己沖或由職員沖泡, 正! 地理位置不錯, 去哪兒都方便"
0,門口隔音有點差，但到床邊則OK
0,電視訊號滿差的
1,還不錯
1,房間浴室乾淨舒適，有洗衣房，有提供嬰兒浴盆
1,有特色
0,"房間內沒座椅,鏡子"
1,空間舒適
1,房間舒適，簡潔感覺很棒 樓下是餐廳感覺不錯可是沒在那邊吃（有大龍蝦活的！！） 早餐選擇較少，但是不錯吃，環境也不錯。 飯店人員客氣有禮
1,房間很乾淨
1,"好特色, 裝修好, 地方好干淨"
1,"離漢神百貨很近,還可邊泡澡邊看電視"
0,飲料部分可以再多種類，基本上都不錯了，會再度光臨
0,吃早餐時，員工在旁邊非常大聲聊天。
0,飯店設備稍嫌老舊，隔音不好
1,空間寬敞
0,早餐起來已經涼了...
0,房間冷氣出風聲音太大  就算調整到最低風速 依然很大聲
0,除了床是由兩張單人床併在一起的，睡到一半會卡到中間的縫隙外，其他都很滿意。
1,早餐跟宵夜選擇都很多樣，點心跟飲料可以無限使用，櫃檯人員服務很親切
1,房間很大好舒服好乾淨
1,浴池很大
1,1.此次入住的雙人房型小巧可愛，在頂鋪有兩張雙人床，不過下層活動空間只適合兩人，再多一人就會有些壅擠。 2.房內擺設用心，復古室內電話及寶箱很特殊，有氣氛的造型沙發增加房內亮點，不過沙發座位寬度太小容易滑落(反而直接坐地上比較舒適xD)。 3.廁所乾淨，洗澡熱水很足，免治馬桶也很貼心。 4.八樓的MINI BAR空間很大很舒服，可以在房內就用標語提醒自帶房間提供的馬克杯上去使用飲料，不然都到8樓了還要回房間拿杯子，或是就會直接使用紙杯反而不環保。 5.早餐豐富，而且連續入住兩天的早餐有小變化，不會一直吃同一種料理。
1,免費接駁至墾丁大街。
1,舒適乾淨沒話說
1,早餐選擇多，房間舒適、安靜，交通方便
1,十分不錯
1,整體感覺不錯
0,停車場太遠
0,早餐樣式可以再多一點!價格稍嫌貴一點!
1,服務人員非常好，地點很方便
0,浴室的地板很容易濕滑，有點擔心家人滑倒，這是唯一覺得美中不足的地方
1,房間很乾淨又寬敞，老闆娘很貼心的接送
0,1.沒吃過。。。。。火鍋。。。。當早餐 ︸_︸ 無法接受！ 吃得好不開心！ 第二天就沒去吃啦！  如果說不會再選擇這間旅館，就是因為他們的。。。早餐 2.打掃的不夠乾淨，竟然有上個客人用過的牙刷沒收走？？？ 3. 沐浴乳，洗髮精，肥皂，乳液味道不好。。。。。。
1,*櫃枱及大廳接待人員親切專業 *客房景觀優，明亮舒適 *床墊軟硬適中，蓋背夠暖
1,24小時飲料吧方便
0,服務人員是不是太累了 回答問題有點答非所問
0,設備老舊，照片與實際房間不同
0,浴室水量太小，水溫忽冷忽熱
0,收納空間不足！房間其實還是有空間，但是空著，可以放過小桌子或是層板之類的，這次只有帶兩個後背包，只能放地上。
1,民宿的老闆娘非常親切 像對家人一樣～讓人感覺很舒服～房間設計很喜歡跟照片一模一樣也非常乾淨！
1,"老闆好親切, 主動換了一間地下位置, 方便老人家上落同時亦協助搬大型行李, 早餐是健康麵包, 地道鬆軟, 多豆粥, 好特別 !"
0,有蟑螂，清潔度請加強。
1,整體上都很喜歡，尤其是床，真的很舒服好睡。 老闆人也很好，給人的感覺非常舒適，如果有下次也會選擇同一間。
1,除了幾點小小問題之外其他都很棒 地點交通方便_附近有商店食物_房間乾淨舒適
1,位置好 浴室大
1,舒服乾淨，交通便利，旅館級的設備。
0,一進房門果然就是很濃的煙味!!!!中央空調的關係吧~~~導致我們一家三口一直在吸菸味到退房(肺肝都傷了)!!隔音也是不理想~
0,隔音不好
0,隔音效果差  外頭小孩嬉鬧聲很清楚
0,可惜沒專屬機車停車的地方
0,住宿價格，房間隔音，水龍頭脫落203房，移動車輛
0,浴缸出水口不繡鋼飾環會脫落
0,隔音效果不是很好 一直聽到隔壁的開心交談
0,空間太小
1,窗外一片綠，鳥語花香，附近楓林步道迷人的夜景不輸函館夜景喔～
1,乾淨，舒適。
1,房間乾淨，有浴缸，很棒
1,景觀還不錯
0,沒有
0,房間濕氣重，浴缸不乾淨，放出的水也很多雜質不敢泡
1,沒有有任何地方滿意
1,好
1,"飯店人員服務很好有問必答,多要的被子也很快送到,床非常大非常舒服, 電視台數也很多,是間還算不錯的飯店"
1,位置非常方便，捷運西門站六號出口一出即到，我住的801是新裝修，乾淨企理，工作人員懂中英文，態度好，可安排機場接送，一日遊，價錢不會貴，5樓接待處有小食及飲料免費提供。雖然無洗衣機，但可到附近同集團的酒店免費使用洗衣及乾衣機。
0,網路訂房沒車位
1,早餐都是自製，很棒！ 往窗外望去的風景，很漂亮！ 洗澡蓮蓬頭的水量，超爽！
1,服務相當貼心，房間大小也很適中，是一個差旅休息的好選擇。
1,服務人的態度很好
1,地點好，購物方便。
1,位置佳、服务贴心、卫生间宽敞
1,房間真的很乾淨，非常滿意
0,隔音
1,價格合理，房間乾淨
0,浴室抽風機非常吵。
0,說要升等房間，結果進去後看到有點傻眼，並沒有升等的感覺！住了兩晚，第二天出去回來卻沒有補充洗髮乳.......
0,早餐只是尚可，有點偏少，電視雖是MOD高畫質，但是台數很少，只有少數幾台。房價有點高。
1,服務員態度好
1,交通便利，服務態度很好
0,椅子只有一張
1,在一中商圈旁边 还有中友百货 里面有诚品书店哦 床位干净
0,房間沒有垃圾桶 小小不方便
1,位置方便附近是商圈♥
0,無
1,環境及景色
0,雖然有提供毛巾但只有兩條、希望能夠在新增兩小條的毛巾
1,環境、地點、餐點都很好
1,服務人員態度優良
0,1. 早餐款式看似很多！但味道不好！我的兩個子女（4，5歲）向我投訴早餐很難食，叫我下次不要再在這裡食早餐！ 2. 房間色彩太深色，與當初在網上見到色彩溫和與有設計的版本相反，不太適合有年幼小朋友，因整間房已沒有窗，故此變得很陰沉！ 3. 原先訂房時以為只是創意西門中華館！結果我們卻被安排到9樓～日記·西門！有被欺騙之感覺！ 4. 訂房價錢不太合理，特別是包早餐，因為這個價錢在淡季可以訂到更好的房間！
1,早餐超豐富又好吃，晚上入住時還有點心招待。 庭園有很多動物，公雞、鸚鵡、貓，覺得很棒!
1,貼心服務的早餐
1,早餐還不錯，就是中式食品少了一點。
0,盥洗包要撕開不便利 沒有浴缸
1,房間夠大，衛浴設備不錯。
1,早餐好吃，老板员工人都特别好
0,只有一組鑰匙！
0,停車場沒有電梯 路面上停車場客滿 入住和退房要等很久 櫃檯人員有點不耐煩 設施都有點老舊 小灣沙灘過去要走一段路，沙灘有狗屎，租椅子和陽傘要錢，景致都被椅子和陽傘擋住了
1,房間舒適
1,價格，以及每天免費換洗一套neiyiku
1,地點位置和員工服務
0,"旅館靠近遊藝場所, 出入份子較複雜, 優惠房型就不準停旅館附設停車場(給人有次等公民之感). 房間雖乾淨但溼氣重"
1,空間超大，很有設計感
0,"沒有,我們全家都很滿意"
0,床太小，房間小。
0,無
1,"房間浴廁分離, 床鋪軟硬適中, 地點方便適合商務出差"
0,格音稍微差一點，半夜聽得到隔壁講話聲
0,早餐選擇不多
1,尚未提供早餐
1,床很舒服喔
0,沒有
1,附近景點非常多 走路就可以到達百貨公司 離科博館距離也很近 櫃檯服務態度特別好 房間非常舒適且整潔
0,無停車位
1,早餐是麥當勞還可以
1,地點很好 ，床很舒服，房間都有窗 。
0,"隔音比較差,夜市的聲音會傳到房間內,若是希望有安靜的住宿品質,就比較不推薦"
1,地點方便
1,還可
1,單人房間算大，床睡得很舒服，飯店位置離台北車站很近，去哪裡玩都很方便，下次旅行願意再次入住
1,兩張單人床合併住起來又大又舒服，帶著嬰兒放床上一起睡也不太擔心掉下床。價格便宜離車站近走路可以到（約10分鐘內），文化夜市也走路可到（約15-20分鐘）。下次還會想入住
1,家人及長輩都覺得很舒適，服務很親切！
0,1.隔音很差，跟旅行團同一層，到很晚了還很吵 2.房間煙味很重
1,位於漁港旁，搭船用走的就到了，很方便！ 住宿有免費提供泡麵4碗和很多冰飲可在1230-1900時間自取飲用，很不錯！
1,房間寬敞乾淨 服務不錯
0,房間地板不亁淨、浴室有很多頭髮
1,交通方便離火車站及捷運站很近，飯店設計感很棒，大廳舒適提供免費餐食服務很棒！
1,沒有
1,飯店櫃台服務人員服務很好很貼心
1,退房服務人員態度好
1,"櫃枱及後棟的服務人員都很有禮貌, 建議再多點自信才更能展現專業服務. 房間舒服且乾淨"
0,2樓房間門鎖有點壞掉 半夜鎖會鬆掉打開
0,枕頭是羽絨枕有點不習慣，如果能提供早餐就完美了
1,位置，早餐，干净
1,有搭配早餐很讚!
1,服務品質優良!
0,房間隔音稍差，走廊如果有人講話房間內都聽得到
1,早餐很不錯
0,衛浴設備
1,早餐好吃
1,很乾淨舒適
1,房間很乾淨，浴室也是一樣該有的都有
1,早餐好好吃，房間很舒適，環境很悠閒，適合放鬆渡假的好地方。我們都很滿意唷!
0,沙發床不舒服，房間空氣品質差
0,清潔過後毛巾都沒放衛生紙沒了沒補，房間內沒設置櫃台電話
1,非常適合花一天在這享受這裡悠閒的氣氛
0,小閣樓建議給小夜燈
1,頂樓不錯
0,冷氣是中央空調不能控制...
0,太商業化了
0,乾淨度待遇強
1,裡面都是可以拍照的伸展台
1,房間大浴缸大
1,服務非常親切 熱心提供所需的資訊
1,免費房間很大寬敞，價格算便宜
0,"窗戶隔音稍差,馬路的聲音很大聲,早餐的選擇較少,但是鄰近有摩斯漢堡&怡客可以選擇"
1,早餐很精美，房內設施比想象中多，房間私隱度高，雙人房剛好可以放下兩個行李箱，廁所很光亮很清潔，CP值很高
1,房間空間很大
1,早餐選擇有四，不錯。
0,房間太小
1,廁所很乾淨，大廳整潔也👍👍
1,員工的親切招呼!!
1,乾淨，房間沒異味
1,交通便利，房間舒適整潔！
0,房間有煙味
0,或許因為住的是5樓，外圍工程還未完畢，早上7點左右開始施工，會很吵，但下午開始就不吵了，房間有蚊子，但我們沒被咬到
0,沒有
1,老闆娘超親切 環境很舒服 服務超好的
0,雨天無法到露天泡湯池泡溫泉
0,牙刷質感不像一個4星級飯店該有的水準！
0,老闆超級無敵高冷 完全在看他的電腦  沒理人…… 有點無言
1,非常方便的民宿，可以借用洗衣機跟冰箱，對於長途旅行的我們是非常棒的中繼點，房間很舒適，價格非常實惠。
0,車位不足
0,電視遙控器不好按。 隔音？？？，會聽到樓上在跑步。 會聽到外面在講話。
0,廁所有異味，浴缸有毛，椅子地下發現吃過的糖果 主要是親子民宿，但沒有附幼兒的洗澡用品如洗髮精沐浴乳
1,提供的早晚餐都很豐富
0,洗手間入口較窄，用趟門較好
1,有泡腳Spa釣魚出借單車等服務
1,早餐還不錯 床鋪睡的舒服
1,免費腳踏車逛集集鎮一圈，集集夜市及小吃美食都有吃到喜歡的，老闆真的很親切像家人一樣，房間真的舒服到我起不了床，蟬鳴鳥叫聲真的太棒了！！
1,很特別的背包客棧，早餐很大份很精美，晚上可以點cocktail，環境很舒適，床鋪很整潔
0,冷氣太冷
0,設備可以逐步換新，比如蓮蓬頭、水頭龍等，若有清新感，會更吸引人！
1,服務員都非常熱情，房間也很乾淨舒適，更提供了免費的夾腳海灘拖鞋、一些餅乾零食飲料，早餐非常豐富多樣化，老闆娘還會為妳介紹呢！下次還想再來住！
1,房間整潔舒適，早餐非常好吃！
1,早餐精緻
0,鄰近大馬路，晚上的噪音有些吵
0,沒有什麼太不滿意的地方
0,房卡一張太少，想個人出去看日出拍照的，不是很方便，畢竟不是每個家人都想起床看日出
1,物超所值😊
0,"房間裡有跳蚤,這點要多加注意！風筒不夠風力，吹乾頭髮很慢。"
1,房間乾淨設施齊全，廁所有電廁板，床很舒適，頭妉還有柔硬兩種，証明飯店很細心客人的需要。位置方便從新光三越那邊地下街Z10出口右轉歩行二分鍾就到。值得入住
0,"1. 沒有早餐 2.沒有飯店停車場 3.四人房其實是二人房加上沙發床, 但沙發床十分難睡."
0,隔音差
1,服務好
1,可帶寵物
0,房間設備老舊，燈光暗，走道地毯破舊有霉味，冷氣不冷
1,對於接大陸團客有80分，但台灣民眾居住一定會感覺到品質非常需要提升。
0,是隔小房間。 各種氣味都有。 有鼾聲、講話聲、電視聲、開關門聲 所以睡眠淺的朋友不宜推薦。
0,房間小
1,床很大好翻滾
0,一進房門就看到地板灰塵像是沒清理過，浴室內外會有異味，不知是水溝味或是糞便味，早餐菜色偏鹹。
1,地點
1,位置很好
0,入住的四天內 每一天都至少會聽到一次有住客很大力的甩門 在睡夢中都會被嚇醒
0,電梯內觀感覺與飯店不符🤔
1,地點好
1,"早餐豐富,便利性設施非常貼心,飯店內設施老少皆宜"
1,1. 環境乾淨、明亮，內有電梯很方便! 2. 隔音我覺的還行 3. 路口的糖炒栗子很好吃 4. line與業主聯絡很方便，很貼心的分享台南景點，及回答各種問題 5.有附早餐卷(到附近麥當勞) 6.幾乎不會遇到業主，感覺很自由 7.入住前50分鐘須通知業主到達時間，以便提前開空調很貼心 8.靠近友愛鹽酥雞(很多人排隊) 9.住的地點很好，很熱鬧 10.廁所有浴缸、免治馬桶很加分
0,確認電話當天才打，實際招牌跟網路名稱不符一開始可能會找不到、不確定在哪裡
1,有電梯
0,隔音不好
1,有飲水機很方便
0,不主動提供餐卷 ，要詢問櫃檯才補發
1,24小時的點心吧，隨時提供食物飲料覺得很方便，有微波爐可以加熱食品很棒！隔天早上晚了起來還可以享用準備好的餐點很開心哈哈。 還有洗衣機，對有需要的旅客我覺得也很方便喔！
0,早餐內容一般 停車場在隔壁非同棟 只有淋浴
1,房間寬敞、乾淨，床鋪很舒適！
0,停車場不好停車⋯房價頗高。
0,格間隔音不佳！
0,枕頭不好睡!!
0,大廳環境不好，感覺出入較複雜
1,裝潢超美睡起來也舒服 重點是價格很便宜
1,C66床太軟，睡覺時，逃生門指示燈影響睡眠
1,早餐豐盛，床很舒服，整體乾淨，員工包括清潔人員都很友善。
0,110v插座應該要再增加，wifi不穩定，手機訊號差也難有Wifi補強
0,浴室的濕氣很難排出，或許有浴缸有好也有壞 在排水上浴廁沒做分離或者空間可以隔開，導致如廁時會一直踩到水
0,幾乎沒有。
0,床鋪棉被都是棉屑
1,服務人員都很好，地點也好到沒話說，房間比想像中大，也有提供嬰兒澡盆。
1,房間舒適度佳
0,浴室淋浴的地方隔間不佳，沖淋的時候水容易溢出到洗手台下方，乾濕分離沒做好，美中不足的地方
1,"在台南的最後一個晚上, 突然發燒還有肚子痛, 到前台問工作人員可否由上舖改為下舖, 以便晚上不適時方便到洗手間, 幸好員工經諮詢後回覆可以,  真的太感動了, 還有謝謝他們細心幫助。 青旅的格調風格令人感到很舒服, 公共空間亦放了不少書籍, 讓人很想裝一下文青。環境亦十分乾淨整齊。 附近一分鏡不到就有全家, 24HR 自動洗衣店, 對面亦有早餐店, 很方便"
1,舒適乾淨，服務親切，地理位置佳，停車方便
0,網路看的照片跟實際上差很多，但是清潔還算可以，不過我應該不會想再去，上面有寫提供早餐，現場櫃臺說我們已經很優惠沒附早餐，其實回答的口氣不用這樣好像虧錢，如果覺得不划算可以不要推特價，而且我只是詢問，因為上面就是寫有早餐，但是因為已經網路訂了，雖然不用先付錢現場付就可，但我也是有信用的人，雖然網路照片真的跟實體差很多！
0,浴缸設計失敗，淋浴時水會濺到外面地下濕透，很糟糕！
